{
  "project_info": {
    "project_number": "449447390382",
    "project_id": "desafio-2-dsm-udb",
    "storage_bucket": "desafio-2-dsm-udb.appspot.com"
  },
  "client": [
    {
      "client_info": {
        "mobilesdk_app_id": "1:449447390382:android:52dc954fe44f84cfabd13f",
        "android_client_info": {
          "package_name": "com.example.menukotlin"
        }
      },
      "oauth_client": [
        {
          "client_id": "449447390382-8fbqb6538iauaqlgj0qvlk3qobuu2pne.apps.googleusercontent.com",
          "client_type": 3
        }
      ],
      "api_key": [
        {
          "current_key": "AIzaSyDBn5LYLeJooKVVNalDUI8P086VNqSu0Eo"
        }
      ],
      "services": {
        "appinvite_service": {
          "other_platform_oauth_client": [
            {
              "client_id": "449447390382-8fbqb6538iauaqlgj0qvlk3qobuu2pne.apps.googleusercontent.com",
              "client_type": 3
            }
          ]
        }
      }
    }
  ],
  "configuration_version": "1"
}